split,symbol,policy,cost_bps,days,valid_risk_days,risk_mse,overshoot_mse,overshoot_fraction,overshoot_mean_run,overshoot_max_run,mean_exposure,daily_turnover,net_total_return,net_sharpe,max_drawdown
validation,BTCUSDT,band,0,730,729,0.25856887509789656,0.14927639555808578,0.22908093278463648,1.7040816326530612,7,0.2851267576254536,0.021627298927460455,0.06098885489840611,0.27334327095416805,-0.2253199944024099
validation,BTCUSDT,band,5,730,729,0.25856887509789656,0.14927639555808578,0.22908093278463648,1.7040816326530612,7,0.2851267576254536,0.021626795607986877,0.05264642392187535,0.2468300593989476,-0.22685544366802735
validation,BTCUSDT,band,10,730,729,0.25856887509789656,0.14927639555808578,0.22908093278463648,1.7040816326530612,7,0.2851267576254536,0.021626293679570217,0.0443695997277298,0.2203097194769686,-0.2283878258243336
validation,BTCUSDT,band,20,730,729,0.25856887509789656,0.14927639555808578,0.22908093278463648,1.7040816326530612,7,0.2851267576254536,0.02162529399471621,0.028010705334752473,0.1672495494370287,-0.23144341407276436
validation,BTCUSDT,buffer,0,730,729,0.2618936882000564,0.151593512332308,0.2222222222222222,1.6363636363636365,6,0.2845596933462692,0.029976593761435792,0.058127741061569704,0.2642818374161691,-0.22135507626588669
validation,BTCUSDT,buffer,5,730,729,0.2618936882000564,0.151593512332308,0.2222222222222222,1.6363636363636365,6,0.2845596933462692,0.02997605996611201,0.04661339530483133,0.22752603190879267,-0.22404877889326036
validation,BTCUSDT,buffer,10,730,729,0.2618936882000564,0.151593512332308,0.2222222222222222,1.6363636363636365,6,0.2845596933462692,0.029975527889646015,0.035224357764304104,0.1907615786651234,-0.2267331393597719
validation,BTCUSDT,buffer,20,730,729,0.2618936882000564,0.151593512332308,0.2222222222222222,1.6363636363636365,6,0.2845596933462692,0.02997446889208228,0.01281675919073555,0.11720880329822367,-0.23207396453755924
validation,BTCUSDT,raw,0,730,729,0.2621001956171817,0.15470136215925367,0.22908093278463648,1.6372549019607843,7,0.2861973069622857,0.02945197448520367,0.05953267890039693,0.26807691078300205,-0.223995084958444
validation,BTCUSDT,raw,5,730,729,0.2621001956171817,0.15470136215925367,0.22908093278463648,1.6372549019607843,7,0.2861973069622857,0.029451454228193574,0.04820374189308807,0.23216392838983665,-0.22659585771119028
validation,BTCUSDT,raw,10,730,729,0.2621001956171817,0.15470136215925367,0.22908093278463648,1.6372549019607843,7,0.2861973069622857,0.029450935686259918,0.03699594932110517,0.19624308080669955,-0.22918789042868748
validation,BTCUSDT,raw,20,730,729,0.2621001956171817,0.15470136215925367,0.22908093278463648,1.6372549019607843,7,0.2861973069622857,0.029449903746425914,0.014938621422175613,0.12437975654575746,-0.23434585436856126
validation,BTCUSDT,smooth,0,730,729,0.2621001956171817,0.15470136215925367,0.22908093278463648,1.6372549019607843,7,0.2861973069622857,0.02945197448520367,0.05953267890039693,0.26807691078300205,-0.223995084958444
validation,BTCUSDT,smooth,5,730,729,0.2621001956171817,0.15470136215925367,0.22908093278463648,1.6372549019607843,7,0.2861973069622857,0.029451454228193574,0.04820374189308807,0.23216392838983665,-0.22659585771119028
validation,BTCUSDT,smooth,10,730,729,0.2621001956171817,0.15470136215925367,0.22908093278463648,1.6372549019607843,7,0.2861973069622857,0.029450935686259918,0.03699594932110517,0.19624308080669955,-0.22918789042868748
validation,BTCUSDT,smooth,20,730,729,0.2621001956171817,0.15470136215925367,0.22908093278463648,1.6372549019607843,7,0.2861973069622857,0.029449903746425914,0.014938621422175613,0.12437975654575746,-0.23434585436856126
validation,BTCUSDT,static,0,730,729,0.26081314184372484,0.15177763992447943,0.22359396433470508,1.63,7,0.28455969334626735,0.0292853183032864,0.05931776901970309,0.26807827302132475,-0.22281978521864398
validation,BTCUSDT,static,5,730,729,0.26081314184372484,0.15177763992447943,0.22359396433470508,1.63,7,0.28455969334626735,0.029284804061497586,0.048054880523498156,0.232163048131266,-0.22540990744247846
validation,BTCUSDT,static,10,730,729,0.26081314184372484,0.15177763992447943,0.22359396433470508,1.63,7,0.28455969334626735,0.029284291505565517,0.03691175223738896,0.19623996122296486,-0.22799137415672688
validation,BTCUSDT,static,20,730,729,0.26081314184372484,0.15177763992447943,0.22359396433470508,1.63,7,0.28455969334626735,0.029283271450102764,0.01497968810690109,0.12437216833129296,-0.23312845786296554
validation,ETHUSDT,band,0,730,729,0.20758889068295971,0.11219620053317138,0.23731138545953362,1.7474747474747474,7,0.2403024919433814,0.016086067651465696,-0.010578899067152259,0.03430239555073279,-0.1913061597524226
validation,ETHUSDT,band,5,730,729,0.20758889068295971,0.11219620053317138,0.23731138545953362,1.7474747474747474,7,0.2403024919433814,0.01608573341544693,-0.016371175459359177,0.013774118290592425,-0.19171818502749138
validation,ETHUSDT,band,10,730,729,0.20758889068295971,0.11219620053317138,0.23731138545953362,1.7474747474747474,7,0.2403024919433814,0.0160853999932048,-0.02212953506955273,-0.006752887364873977,-0.19212999596101854
validation,ETHUSDT,band,20,730,729,0.20758889068295971,0.11219620053317138,0.23731138545953362,1.7474747474747474,7,0.2403024919433814,0.01608473558939174,-0.03354530086328178,-0.04780196470726562,-0.1929529753428323
validation,ETHUSDT,buffer,0,730,729,0.20494640706557526,0.10958085658764234,0.21536351165980797,1.6526315789473685,6,0.23997142402463778,0.023965772098303553,-0.02238588325540991,-0.00795393449484153,-0.19636284030299678
validation,ETHUSDT,buffer,5,730,729,0.20494640706557526,0.10958085658764234,0.21536351165980797,1.6526315789473685,6,0.23997142402463778,0.023965403817312058,-0.030900269720192886,-0.03859549112176453,-0.19743179275946143
validation,ETHUSDT,buffer,10,730,729,0.20494640706557526,0.10958085658764234,0.21536351165980797,1.6526315789473685,6,0.23997142402463778,0.023965036605519054,-0.039340491165160696,-0.06923566734646609,-0.19849931325746673
validation,ETHUSDT,buffer,20,730,729,0.20494640706557526,0.10958085658764234,0.21536351165980797,1.6526315789473685,6,0.23997142402463778,0.023964305388834255,-0.056001022296820024,-0.1305105269802152,-0.2006300662979743
validation,ETHUSDT,raw,0,730,729,0.20511679981131212,0.11246110602056951,0.2222222222222222,1.6875,7,0.2411901893692492,0.02356050429236931,-0.024367954034832606,-0.014087094973630861,-0.19881082878022205
validation,ETHUSDT,raw,5,730,729,0.20511679981131212,0.11246110602056951,0.2222222222222222,1.6875,7,0.2411901893692492,0.023560145763626642,-0.03272200606042752,-0.044023708942964854,-0.19983113838700983
validation,ETHUSDT,raw,10,730,729,0.20511679981131212,0.11246110602056951,0.2222222222222222,1.6875,7,0.2411901893692492,0.0235597883016858,-0.0410045144804726,-0.0739588101773689,-0.20085013836225363
validation,ETHUSDT,raw,20,730,729,0.20511679981131212,0.11246110602056951,0.2222222222222222,1.6875,7,0.2411901893692492,0.023559076577519808,-0.05735735086996596,-0.13382320319326355,-0.20288421638637788
validation,ETHUSDT,smooth,0,730,729,0.20511679981131212,0.11246110602056951,0.2222222222222222,1.6875,7,0.2411901893692492,0.02356050429236931,-0.024367954034832606,-0.014087094973630861,-0.19881082878022205
validation,ETHUSDT,smooth,5,730,729,0.20511679981131212,0.11246110602056951,0.2222222222222222,1.6875,7,0.2411901893692492,0.023560145763626642,-0.03272200606042752,-0.044023708942964854,-0.19983113838700983
validation,ETHUSDT,smooth,10,730,729,0.20511679981131212,0.11246110602056951,0.2222222222222222,1.6875,7,0.2411901893692492,0.0235597883016858,-0.0410045144804726,-0.0739588101773689,-0.20085013836225363
validation,ETHUSDT,smooth,20,730,729,0.20511679981131212,0.11246110602056951,0.2222222222222222,1.6875,7,0.2411901893692492,0.023559076577519808,-0.05735735086996596,-0.13382320319326355,-0.20288421638637788
validation,ETHUSDT,static,0,730,729,0.20455894894426727,0.11046840544663171,0.2222222222222222,1.6875,7,0.23997142402463817,0.023442708474276586,-0.024141915892766597,-0.014076189057670998,-0.19789004379164443
validation,ETHUSDT,static,5,730,729,0.20455894894426727,0.11046840544663171,0.2222222222222222,1.6875,7,0.23997142402463817,0.023442353563119148,-0.03245630437128644,-0.044014445545738086,-0.19890648762290375
validation,ETHUSDT,static,10,730,729,0.20455894894426727,0.11046840544663171,0.2222222222222222,1.6875,7,0.23997142402463817,0.02344199970270912,-0.04069984340210042,-0.07395118825278585,-0.19992163321126566
validation,ETHUSDT,static,20,730,729,0.20455894894426727,0.11046840544663171,0.2222222222222222,1.6875,7,0.23997142402463817,0.023441295133455282,-0.056976787656753736,-0.13381886084801786,-0.20194803653295867
test,BTCUSDT,band,0,731,731,0.17973594781708754,0.07994567878695731,0.253077975376197,1.7619047619047619,5,0.297833447450572,0.016084468862437685,0.30020288052589406,1.0324536441047532,-0.11029244512873204
test,BTCUSDT,band,5,731,731,0.17973594781708754,0.07994567878695731,0.253077975376197,1.7619047619047619,5,0.297833447450572,0.016084263696614583,0.2925815622895427,1.0108745097673855,-0.11056004046777368
test,BTCUSDT,band,10,731,731,0.17973594781708754,0.07994567878695731,0.253077975376197,1.7619047619047619,5,0.297833447450572,0.016084059355393025,0.285004887977955,0.9892912111484021,-0.11082758078602362
test,BTCUSDT,band,20,731,731,0.17973594781708754,0.07994567878695731,0.253077975376197,1.7619047619047619,5,0.297833447450572,0.016083653146346587,0.26998442269341005,0.9461129789946612,-0.11163613241919046
test,BTCUSDT,buffer,0,731,731,0.17900637678433504,0.07759679478261143,0.2503419972640219,1.7428571428571429,5,0.29618801447554366,0.023397347356384615,0.2878642003994054,1.0033812523039756,-0.11477807403694351
test,BTCUSDT,buffer,5,731,731,0.17900637678433504,0.07759679478261143,0.2503419972640219,1.7428571428571429,5,0.29618801447554366,0.023397117028333577,0.2768976777147245,0.9717764010752638,-0.11532658640922666
test,BTCUSDT,buffer,10,731,731,0.17900637678433504,0.07759679478261143,0.2503419972640219,1.7428571428571429,5,0.29618801447554366,0.023396887837375015,0.26602451055400267,0.9401666274284555,-0.11601607880098164
test,BTCUSDT,buffer,20,731,731,0.17900637678433504,0.07759679478261143,0.2503419972640219,1.7428571428571429,5,0.29618801447554366,0.023396432866303173,0.24455506544416683,0.8769332078232759,-0.11742654712555389
test,BTCUSDT,raw,0,731,731,0.17716080147264737,0.07847253581505577,0.25444596443228457,1.7383177570093458,5,0.297781186245714,0.022577324929569424,0.29357512830334254,1.0120544036867056,-0.1145257859624168
test,BTCUSDT,raw,5,731,731,0.17716080147264737,0.07847253581505577,0.25444596443228457,1.7383177570093458,5,0.297781186245714,0.022577117123410054,0.28294443925886203,0.9818229206192587,-0.11502998538740028
test,BTCUSDT,raw,10,731,731,0.17716080147264737,0.07847253581505577,0.25444596443228457,1.7383177570093458,5,0.297781186245714,0.022576910439000016,0.27240108556778564,0.9515869698552213,-0.1155927871380239
test,BTCUSDT,raw,20,731,731,0.17716080147264737,0.07847253581505577,0.25444596443228457,1.7383177570093458,5,0.297781186245714,0.02257650043501364,0.25157351493494073,0.8911024179788457,-0.1169041275877506
test,BTCUSDT,smooth,0,731,731,0.17716080147264737,0.07847253581505577,0.25444596443228457,1.7383177570093458,5,0.297781186245714,0.022577324929569424,0.29357512830334254,1.0120544036867056,-0.1145257859624168
test,BTCUSDT,smooth,5,731,731,0.17716080147264737,0.07847253581505577,0.25444596443228457,1.7383177570093458,5,0.297781186245714,0.022577117123410054,0.28294443925886203,0.9818229206192587,-0.11502998538740028
test,BTCUSDT,smooth,10,731,731,0.17716080147264737,0.07847253581505577,0.25444596443228457,1.7383177570093458,5,0.297781186245714,0.022576910439000016,0.27240108556778564,0.9515869698552213,-0.1155927871380239
test,BTCUSDT,smooth,20,731,731,0.17716080147264737,0.07847253581505577,0.25444596443228457,1.7383177570093458,5,0.297781186245714,0.02257650043501364,0.25157351493494073,0.8911024179788457,-0.1169041275877506
test,BTCUSDT,static,0,731,731,0.1768212249555816,0.07661208047036921,0.2503419972640219,1.7264150943396226,5,0.29607696956166657,0.022450388441731143,0.29180692585495827,1.0120544056015504,-0.11390180688664509
test,BTCUSDT,static,5,731,731,0.1768212249555816,0.07661208047036921,0.2503419972640219,1.7264150943396226,5,0.29607696956166657,0.022450183128109865,0.28125021069525924,0.981819822533923,-0.11440350807577282
test,BTCUSDT,static,10,731,731,0.1768212249555816,0.07661208047036921,0.2503419972640219,1.7264150943396226,5,0.29607696956166657,0.022449978917196346,0.27077973741919226,0.9515807760017605,-0.1149618475104347
test,BTCUSDT,static,20,731,731,0.1768212249555816,0.07661208047036921,0.2503419972640219,1.7264150943396226,5,0.29607696956166657,0.022449573803087795,0.2500946989735151,0.8910900456976552,-0.11626676002524272
test,ETHUSDT,band,0,731,731,0.17432263955720134,0.09255949552043359,0.27906976744186046,2.01980198019802,5,0.22010942657957344,0.012163568354944794,0.14716100376924368,0.5195477716997772,-0.18751000550062225
test,ETHUSDT,band,5,731,731,0.17432263955720134,0.09255949552043359,0.27906976744186046,2.01980198019802,5,0.22010942657957344,0.012163420580286098,0.1420722865849231,0.5052251471602607,-0.18911455796070753
test,ETHUSDT,band,10,731,731,0.17432263955720134,0.09255949552043359,0.27906976744186046,2.01980198019802,5,0.22010942657957344,0.012163273141086088,0.13700612850388705,0.4909012039221237,-0.19071593256514985
test,ETHUSDT,band,20,731,731,0.17432263955720134,0.09255949552043359,0.27906976744186046,2.01980198019802,5,0.22010942657957344,0.012162979268911314,0.1269410886387008,0.46224968580459136,-0.19390917397005425
test,ETHUSDT,buffer,0,731,731,0.1763810034349537,0.09240149864621043,0.2777017783857729,1.9901960784313726,6,0.2185362112889017,0.02012975113422021,0.1357398456675123,0.48853461532400666,-0.18821937166396352
test,ETHUSDT,buffer,5,731,731,0.1763810034349537,0.09240149864621043,0.2777017783857729,1.9901960784313726,6,0.2185362112889017,0.020129576240567125,0.1274143840086328,0.4647421172483152,-0.1908585651143343
test,ETHUSDT,buffer,10,731,731,0.1763810034349537,0.09240149864621043,0.2777017783857729,1.9901960784313726,6,0.2185362112889017,0.020129401870228245,0.11914993818207198,0.44094754074567294,-0.1934891753356761
test,ETHUSDT,buffer,20,731,731,0.1763810034349537,0.09240149864621043,0.2777017783857729,1.9901960784313726,6,0.2185362112889017,0.020129054699322045,0.10280230644243837,0.3933525307432628,-0.19872475850896976
test,ETHUSDT,raw,0,731,731,0.17363146731483214,0.09354781178914232,0.280437756497948,1.9902912621359223,6,0.22020285728078076,0.019291419954382227,0.14328223193445244,0.5074572520466403,-0.1859071656249207
test,ETHUSDT,raw,5,731,731,0.17363146731483214,0.09354781178914232,0.280437756497948,1.9902912621359223,6,0.22020285728078076,0.019291262699242487,0.13524927936235187,0.48481564002604055,-0.18847290743844136
test,ETHUSDT,raw,10,731,731,0.17363146731483214,0.09354781178914232,0.280437756497948,1.9902912621359223,6,0.22020285728078076,0.01929110595739683,0.1272727536680629,0.46217216987541987,-0.19103056027608378
test,ETHUSDT,raw,20,731,731,0.17363146731483214,0.09354781178914232,0.280437756497948,1.9902912621359223,6,0.22020285728078076,0.019290794013425518,0.11148739810466046,0.41687997618130207,-0.19612170179224497
test,ETHUSDT,smooth,0,731,731,0.17363146731483214,0.09354781178914232,0.280437756497948,1.9902912621359223,6,0.22020285728078076,0.019291419954382227,0.14328223193445244,0.5074572520466403,-0.1859071656249207
test,ETHUSDT,smooth,5,731,731,0.17363146731483214,0.09354781178914232,0.280437756497948,1.9902912621359223,6,0.22020285728078076,0.019291262699242487,0.13524927936235187,0.48481564002604055,-0.18847290743844136
test,ETHUSDT,smooth,10,731,731,0.17363146731483214,0.09354781178914232,0.280437756497948,1.9902912621359223,6,0.22020285728078076,0.01929110595739683,0.1272727536680629,0.46217216987541987,-0.19103056027608378
test,ETHUSDT,smooth,20,731,731,0.17363146731483214,0.09354781178914232,0.280437756497948,1.9902912621359223,6,0.22020285728078076,0.019290794013425518,0.11148739810466046,0.41687997618130207,-0.19612170179224497
test,ETHUSDT,static,0,731,731,0.1729659376070879,0.0916086969891495,0.27359781121751026,1.941747572815534,6,0.21908975745933001,0.019195918272857698,0.14264633356534384,0.5074572302545681,-0.18502243482204728
test,ETHUSDT,static,5,731,731,0.1729659376070879,0.0916086969891495,0.27359781121751026,1.941747572815534,6,0.21908975745933001,0.01919576264780109,0.13465745450403555,0.4848132618133898,-0.18757822266956314
test,ETHUSDT,static,10,731,731,0.1729659376070879,0.0916086969891495,0.27359781121751026,1.941747572815534,6,0.21908975745933001,0.019195607528353295,0.12672441584002359,0.46216743513309405,-0.19012599287694565
test,ETHUSDT,static,20,731,731,0.1729659376070879,0.0916086969891495,0.27359781121751026,1.941747572815534,6,0.21908975745933001,0.01919529880612517,0.11102429909416411,0.41687052821574355,-0.19519758172894497
