split,symbol,model,valid_days,calendar_days,qlike,log_mse,log_error_acf1,underprediction_mean_run,underprediction_max_run
validation,BTCUSDT,EWMA10,707,730,0.5840823711572813,0.8857770749477227,0.4618523414391193,2.1025641025641026,8
validation,BTCUSDT,ML_HAR,707,730,0.5322195793430134,1.0349754037560999,0.4254150975012153,1.8952380952380952,7
validation,BTCUSDT,logHAR,707,730,0.49399555024280084,1.0361946401326962,0.39187342926968155,1.6372549019607843,7
validation,BTCUSDT,persistence,707,730,1.0795500750042244,1.155607319364758,0.22975388722338028,2.310810810810811,6
validation,ETHUSDT,EWMA10,707,730,0.4777901050606241,0.6911106188972497,0.4751620114404375,2.100840336134454,9
validation,ETHUSDT,ML_HAR,707,730,0.3825431728814779,0.8247392270781745,0.43481907697739264,1.8173076923076923,8
validation,ETHUSDT,logHAR,707,730,0.39276438434855354,0.8291323372330301,0.40271131353162487,1.694736842105263,7
validation,ETHUSDT,persistence,707,730,0.6382844188462782,0.8455538418963061,0.22014712497970798,2.420689655172414,9
test,BTCUSDT,EWMA10,731,731,0.39567924369586893,0.7883725256263697,0.42233382094110183,2.5688073394495414,7
test,BTCUSDT,ML_HAR,731,731,0.4011592010767513,0.9057302382234974,0.3872389555903701,2.029126213592233,7
test,BTCUSDT,logHAR,731,731,0.37815419434207126,0.9504959340244659,0.3587539721120375,1.7383177570093458,5
test,BTCUSDT,persistence,731,731,0.8785608354272308,1.2174613551258464,0.2204040314402943,2.2564102564102564,5
test,ETHUSDT,EWMA10,731,731,0.37303264535959474,0.6896046923663808,0.4665208057785818,2.588235294117647,7
test,ETHUSDT,ML_HAR,731,731,0.35223977652189675,0.7558201713665899,0.3925219152696149,1.8796296296296295,6
test,ETHUSDT,logHAR,731,731,0.3448557708691698,0.7544304285123978,0.3753806433942934,1.9902912621359223,6
test,ETHUSDT,persistence,731,731,0.6959128434690502,0.9446410983220889,0.21848452998188733,2.3051948051948052,6
