comparison,symbol,primary,mean_difference,ci_low,ci_high,block_days,repetitions,valid_days
buffer_minus_static,BTCUSDT,False,0.0021851518287534315,0.0006016079611645921,0.003829483538531861,7,2000,731
buffer_minus_static,BTCUSDT,False,0.0021851518287534315,0.0006293227467973633,0.0041132790540925855,14,2000,731
buffer_minus_static,BTCUSDT,False,0.0021851518287534315,0.0006937344812704273,0.004082154549272899,28,2000,731
buffer_minus_static,ETHUSDT,False,0.0034150658278657956,0.001690726965292509,0.005263041173618574,7,2000,731
buffer_minus_static,ETHUSDT,False,0.0034150658278657956,0.001680075118548789,0.005562739449341856,14,2000,731
buffer_minus_static,ETHUSDT,False,0.0034150658278657956,0.0017665720568370792,0.005371823376476239,28,2000,731
buffer_minus_static,pooled,True,0.0028001088283096135,0.0012854569866734495,0.004401391781739996,7,2000,731
buffer_minus_static,pooled,True,0.0028001088283096135,0.0012420318222867565,0.004684255883091834,14,2000,731
buffer_minus_static,pooled,True,0.0028001088283096135,0.0013081724509728613,0.004593290873718589,28,2000,731
buffer_minus_raw,BTCUSDT,False,0.0018455753116876658,0.0006462815539221294,0.0030905529645706645,7,2000,731
buffer_minus_raw,BTCUSDT,False,0.0018455753116876658,0.0007025959028761551,0.0031415445906649293,14,2000,731
buffer_minus_raw,BTCUSDT,False,0.0018455753116876658,0.0006964485620343387,0.003129909830247584,28,2000,731
buffer_minus_raw,ETHUSDT,False,0.002749536120121571,0.0012809245628383913,0.004324495845653584,7,2000,731
buffer_minus_raw,ETHUSDT,False,0.002749536120121571,0.0013091073408443164,0.004407493942710508,14,2000,731
buffer_minus_raw,ETHUSDT,False,0.002749536120121571,0.0014039132403765983,0.004213125781116898,28,2000,731
buffer_minus_raw,pooled,False,0.0022975557159046183,0.001040428640963784,0.0035837260388601228,7,2000,731
buffer_minus_raw,pooled,False,0.0022975557159046183,0.0010663235430089302,0.0036946974870336086,14,2000,731
buffer_minus_raw,pooled,False,0.0022975557159046183,0.0011083447074339292,0.0035804293278159437,28,2000,731
buffer_minus_smooth,BTCUSDT,False,0.0018455753116876658,0.0006462815539221294,0.0030905529645706645,7,2000,731
buffer_minus_smooth,BTCUSDT,False,0.0018455753116876658,0.0007025959028761551,0.0031415445906649293,14,2000,731
buffer_minus_smooth,BTCUSDT,False,0.0018455753116876658,0.0006964485620343387,0.003129909830247584,28,2000,731
buffer_minus_smooth,ETHUSDT,False,0.002749536120121571,0.0012809245628383913,0.004324495845653584,7,2000,731
buffer_minus_smooth,ETHUSDT,False,0.002749536120121571,0.0013091073408443164,0.004407493942710508,14,2000,731
buffer_minus_smooth,ETHUSDT,False,0.002749536120121571,0.0014039132403765983,0.004213125781116898,28,2000,731
buffer_minus_smooth,pooled,False,0.0022975557159046183,0.001040428640963784,0.0035837260388601228,7,2000,731
buffer_minus_smooth,pooled,False,0.0022975557159046183,0.0010663235430089302,0.0036946974870336086,14,2000,731
buffer_minus_smooth,pooled,False,0.0022975557159046183,0.0011083447074339292,0.0035804293278159437,28,2000,731
buffer_minus_band,BTCUSDT,False,-0.0007295710327524783,-0.004593740821108321,0.0032145183249274643,7,2000,731
buffer_minus_band,BTCUSDT,False,-0.0007295710327524783,-0.004668033335311055,0.0029817779565010703,14,2000,731
buffer_minus_band,BTCUSDT,False,-0.0007295710327524783,-0.0043897370484579454,0.0029823492586304257,28,2000,731
buffer_minus_band,ETHUSDT,False,0.002058363877752365,-0.0023893764104061877,0.006395693437478738,7,2000,731
buffer_minus_band,ETHUSDT,False,0.002058363877752365,-0.00241813644706668,0.006530435587606851,14,2000,731
buffer_minus_band,ETHUSDT,False,0.002058363877752365,-0.0018853237372160449,0.006079498121339167,28,2000,731
buffer_minus_band,pooled,False,0.0006643964224999431,-0.0027012350966098076,0.003972373031235689,7,2000,731
buffer_minus_band,pooled,False,0.0006643964224999431,-0.00257788702201477,0.0039480068432507275,14,2000,731
buffer_minus_band,pooled,False,0.0006643964224999431,-0.0020644200148370057,0.0035853940705470873,28,2000,731
